SampleID,Shannon,Simpson,Pielou
1m-1_S9,5,0.25103313,0.897564757
1m-2_S10,5,0.258275516,0.896769205
1m-3_S11,4,0.343943405,0.849637412
1m-4_S12,4,0.334743783,0.859597121
24h-1_S1,6,0.291424103,0.850614617
24h-2_S3,4,0.273930798,0.86392728
24h-3_S5,4,0.263651894,0.877796323
24h-4_S7,5,0.272443568,0.872044194
282_Bethlehem,20,1.165854376,0.487658052
316_Langre,38,2.279800461,0.163647996
319_Tarentaise,26,2.077376609,0.211738365
322_Camembert,22,1.13266351,0.476990242
337_Mileens,31,2.274059017,0.163024991
340_Comte,54,2.828449442,0.079103893
365_Stichelton,31,2.009436783,0.202791413
380_Stawley,13,1.321745652,0.380127721
3m-1_S2,5,0.329572635,0.85455643
3m-2_S4,5,0.538263631,0.757913463
3m-3_S6,7,0.558598511,0.747067439
3m-4_S8,5,0.334863829,0.865048347
491_Bayley,23,1.698695535,0.229586739
575_CabotClothbound,22,2.196461159,0.148531299
581_Moses_Sleeper,7,1.070328903,0.381356507
623_Maggies_Round,7,1.308341424,0.297508075
626_Red_Hawk,26,1.773860929,0.208397892
671_Grayson,53,2.436228623,0.140499216
679_Raclette,37,2.237542699,0.159005894
705_Forme_dAmbert,22,1.278608338,0.506366345
711_Garroxta,35,1.457770227,0.450157013
771_Tarentaise,26,1.899193992,0.233321435
873_Challerhocker,43,0.938599737,0.700277278
894_Twig_Tomme,34,2.115665975,0.171037183
917_Abondance,57,2.757543074,0.114391441
926_Bonne_Buche,7,0.539987006,0.756261563
932_Robiola_due_Latte,16,1.130427863,0.402147245
950_Rush_Creek,40,1.686290075,0.272554632
A-27.0,18,0.591951534,0.697003447
A-28.0,24,0.745787726,0.59684831
AF65,17,1.254048298,0.344188719
AS001_71775,42,1.434397537,0.318452532
AS003_73417,21,0.455000943,0.809100925
AS005_71775,46,0.657238789,0.670659246
AS006_71775,20,0.931832893,0.448475842
AS102_71775,17,0.090395701,0.970005636
AS107_71775,57,0.914785052,0.619037744
AS111_71775,36,0.669662289,0.735925577
AS112_71775,20,1.133604566,0.381137975
AS202_73417,31,0.603422339,0.646338259
AS207_73417,44,1.046524185,0.452802344
AS211_71775,38,1.688049032,0.213182496
AS212_71775,38,1.344316132,0.294495793
Alex_1,45,2.031093774,0.298994248
Alex_2,25,1.977674428,0.20128688
Alex_3,8,0.545563606,0.74336476
Alex_4,9,1.148542181,0.428467754
Alex_5,10,1.315162247,0.323623505
Alex_6,5,0.932909577,0.436226396
Alex_7,7,1.125047353,0.435791166
Alex_8,11,0.773971322,0.574600722
Alex_9,7,0.39331173,0.815492368
B-27.0,6,0.847378357,0.50887331
B-28.0,5,0.810397498,0.531721527
C-27.0,7,0.900921132,0.476572056
C-28.0,5,0.877821946,0.493624602
CF008_71775,53,0.853602087,0.597611862
CM008_71775,51,1.147186797,0.392258307
CS001_71775,55,1.338765141,0.337282466
CS005_71775,40,0.600453471,0.685586299
CS007_71775,65,0.693674339,0.674172628
CSB307,34,2.292808124,0.138220656
CSB341,31,1.822884987,0.225979436
CSB387,20,1.660133499,0.245518831
CSB409,42,2.630414604,0.109987504
CSB600,17,1.678264005,0.251253014
CSB619,9,1.067835312,0.391119791
CSB694,27,2.111763101,0.180008514
CSB720,26,0.42636695,0.860210418
CSB726,9,0.809870089,0.507761122
CSB729,23,1.893882367,0.186631668
CSB734,20,1.85776943,0.218933884
CSB737,10,1.075880291,0.455321179
CSB739,22,1.893724319,0.19408927
CSB870,18,1.506809168,0.26561555
CSB875,35,1.216871615,0.48834992
CSB888,13,1.560749939,0.289944253
CSB907,22,1.520830621,0.304302652
CSB962,18,1.687053233,0.239957706
ChH,0,0,0
D-27.0,7,0.790284131,0.551102007
D-28.0,7,0.857708362,0.50651106
DC18-04-AC,4,0.959845755,0.417332627
DC18-04-AR,8,1.062337494,0.356942097
DC18-04-BC,4,1.019137913,0.383405529
DC18-04-BR,5,1.0477136,0.364242587
DC18-F-AC,9,1.120341967,0.372802782
DC18-F-AR,24,1.594166591,0.305124642
DC18-F-BC,7,1.024499061,0.40590455
DC18-F-BR,30,1.598888218,0.249593103
DF_100,31,1.459769835,0.319846992
DF_101,64,2.060046154,0.238994755
DF_102,64,1.107063592,0.584235089
DF_104,43,0.967318009,0.605080325
DF_109,31,0.343913822,0.860582994
DF_11,63,2.057052119,0.193655564
DF_113,36,0.874660654,0.576962375
DF_114,47,2.05149096,0.231081914
DF_115,100,1.985876843,0.27777998
DF_117,46,0.983920744,0.58834291
DF_118,27,1.243170844,0.379482317
DF_119,45,1.007807953,0.430544975
DF_121,55,1.737700978,0.343666561
DF_122,33,0.539986038,0.768248222
DF_123,23,0.336304315,0.869022471
DF_127,8,0.819598212,0.576719985
DF_128,14,0.738447839,0.610374578
DF_129,7,0.039928073,0.989505986
DF_130,12,0.365561378,0.807557025
DF_131,29,1.330709831,0.429852446
DF_132,15,0.590055085,0.772762026
DF_134,29,1.081051254,0.483670437
DF_137,12,0.868847323,0.465166882
DF_139,9,0.641126032,0.623668163
DF_140,28,0.850892004,0.496755283
DF_141,13,0.927977255,0.482078438
DF_15,15,1.257545809,0.365693572
DF_16,57,1.270684401,0.374280225
DF_17,41,0.571493933,0.75180546
DF_18,36,1.775677372,0.259552504
DF_194,9,1.27762581,0.34230465
DF_211,18,1.228508871,0.368364537
DF_222,28,1.528053942,0.27651292
DF_23,38,0.995278602,0.465771806
DF_25,10,0.993421822,0.422106593
DF_26,27,0.429692033,0.826247094
DF_28,36,0.638952258,0.711600057
DF_29,17,0.246099389,0.910889266
DF_30,29,0.578107587,0.704758101
DF_31,65,1.174929961,0.330182391
DF_32,35,2.055032029,0.157918923
DF_33,72,1.560549595,0.335134267
DF_34,85,1.852905863,0.255149462
DF_35,35,0.668915106,0.735009156
DF_36,15,0.85884596,0.474021955
DF_37,98,1.714839345,0.351703253
DF_38,22,0.947337125,0.442385272
DF_39,33,1.592837171,0.260584798
DF_4,47,1.879644655,0.287086268
DF_40,25,0.682357469,0.726661347
DF_41,129,1.770366839,0.31223819
DF_42,67,1.292595028,0.378890181
DF_43,28,0.141683887,0.947886633
DF_44,34,0.799452972,0.486200416
DF_45,32,0.884475425,0.560168869
DF_47,24,0.235844601,0.921480644
DF_5,42,1.722928387,0.246742427
DF_52,30,0.465081232,0.820240215
DF_54,48,1.35894782,0.306333013
DF_58,25,1.056971047,0.476966781
DF_59,21,0.75621838,0.530477368
DF_6,54,0.561293559,0.778349982
DF_60,17,0.794461524,0.646659017
DF_61,12,0.943185524,0.540520156
DF_62,25,0.713886542,0.601920571
DF_67,65,1.66800877,0.346022957
DF_7,74,2.331172211,0.122460594
DF_73,12,1.021291734,0.398676023
DF_74,9,0.639984563,0.575959139
DF_75,39,1.240040364,0.451810178
DF_76,14,1.005280943,0.441146556
DF_77,56,1.71029664,0.287485383
DF_79,103,2.147047162,0.208845523
DF_8,26,1.157083647,0.42430624
DF_85,30,0.281335206,0.917366308
DF_86,35,1.116836663,0.428915552
DF_88,59,1.594238474,0.286285474
DF_9,32,1.181278482,0.349082577
DF_92,59,1.815844114,0.219680588
DF_94,20,1.01509327,0.441398112
DF_95,28,1.488096164,0.304840561
DF_96,39,0.925114593,0.617651761
DF_99,8,0.212269238,0.917261349
E-27.0,6,0.669899889,0.634003274
E-28.0,5,0.680201062,0.625941935
ERS2032089,11,0.923740934,0.457388669
ERS2032090,17,0.660466449,0.638408326
ERS2032091,13,0.941612437,0.455523523
ERS2032092,17,1.008816281,0.445169122
ERS2032093,8,0.887932685,0.458142332
ERS2032094,9,0.851137643,0.522509726
ERS2032095,11,0.658273892,0.665268956
ERS2032096,13,0.864420847,0.489806758
ERS2032097,11,0.872315644,0.46371684
ERS2032098,7,0.82253639,0.539664165
ERS2032099,10,0.751484818,0.578438064
ERS2032100,11,0.836286277,0.552980073
ERS2032101,9,0.910322039,0.465830247
ERS2032102,13,1.409176871,0.292820917
ERS2032103,25,1.546903881,0.271374919
ERS2032104,24,1.607631956,0.291281529
ERS2032105,10,0.897447531,0.453089814
ERS2032106,20,1.578695372,0.244988572
ERS2032107,20,1.648183928,0.24962918
ERS2032108,17,1.135105358,0.429512873
ERS2032109,9,0.90519176,0.458251586
ERS2032110,20,1.560209395,0.252047764
ERS2032111,24,1.574003382,0.264039869
ERS2032112,26,1.308153643,0.388677887
ERS2032113,12,0.918583389,0.4492708
ERS2032114,20,1.49981977,0.320782472
ERS2032115,13,1.278784695,0.332470711
ERS2032116,18,1.907558708,0.194167611
ERS2032117,11,0.916291802,0.465311278
ERS2032118,15,1.674192238,0.2460212
ERS2032119,13,1.841843087,0.18999271
ERS2032120,14,1.808855495,0.188254811
ERS2032121,9,0.901677127,0.450959832
ERS2032122,17,1.757560121,0.215356705
ERS2032123,15,1.807528827,0.205054959
ERS2032124,18,1.689259096,0.234006128
ERS2032125,3,0.670215685,0.539391425
ERS2032126,3,0.678150473,0.529519337
ERS2032127,3,0.662761878,0.543566863
ERS2032128,6,0.339105285,0.864273275
ERS2032129,4,0.376122633,0.835773621
ERS2032130,4,0.393721849,0.825098885
ERS2061097,4,0.344900808,0.825694078
ERS2061098,4,0.429180332,0.795784376
ERS2061099,4,0.415235311,0.77898217
ERS2061100,4,0.45369242,0.776069486
ERS2061101,4,0.285168246,0.867176037
ERS2061102,4,0.403721587,0.809428762
ERS3466718,18,1.037115479,0.461365832
ERS3466719,12,0.708801672,0.727491045
ERS3466720,6,0.439337719,0.792926588
ERS3466721,4,0.690757041,0.50907107
ERS3466722,5,0.467597513,0.774105733
ERS3466723,9,1.334593054,0.289790507
ERS3466724,5,0.907493515,0.478833717
ERS3466725,5,0.763487672,0.527393644
ERS3466726,4,0.971122495,0.489749581
ERS3466727,14,0.842291813,0.61983352
ERS3466728,12,0.778060595,0.583284889
ERS3466729,15,1.083137019,0.492093308
ERS3466730,9,0.927166042,0.486707541
ERS3466731,7,0.671680604,0.659149722
ERS3466732,3,0.156824428,0.937803832
ERS3466733,17,1.169709489,0.452488027
ERS3466734,4,0.719973709,0.533052158
ERS3466735,17,1.305727149,0.432494368
ERS3466736,1,0,1
ERS3466737,11,1.105561745,0.433395707
ERS3466738,16,0.735172387,0.622931769
ERS3466739,15,0.861866228,0.610053465
ERS3466740,16,0.743771824,0.68797152
ERS3466741,9,0.915781244,0.472869345
ERS3466742,15,1.244541034,0.43022204
ERS3466743,24,1.555473973,0.302889757
ERS3466744,8,0.75628265,0.655463482
ERS3466745,7,0.749012144,0.644460241
ERS3466746,45,2.586754556,0.105320387
ERS3466747,20,1.179476423,0.462628436
ERS3466748,22,1.722102803,0.286643093
ERS3466749,10,1.540612306,0.238251586
ERS3466750,38,2.269477996,0.177734865
ERS3466751,32,2.068137168,0.212502389
ERS3466752,5,0.179335015,0.927670075
ERS3466753,2,0.398215852,0.764534722
ERS3466754,16,1.17265687,0.400502556
ERS3466755,9,0.299424453,0.883762524
ERS3466756,13,0.784586232,0.571427097
ERS3466757,13,0.30868427,0.883478474
ERS3466758,10,0.72664848,0.66684623
ERS3466759,10,1.301784567,0.359673837
ERS3466760,14,1.315601936,0.360193565
ERS3466761,13,0.484697207,0.787285632
ERS3466762,10,0.760698535,0.498711551
ERS3466763,15,0.562331879,0.716118983
ERS3466764,4,0.437222214,0.748031876
ERS3466765,8,0.631794402,0.641409755
ERS3466766,26,1.073090977,0.503941576
ERS3466767,7,0.804812534,0.492313477
ERS3466768,9,0.19101688,0.93205713
ERS3466769,12,1.054474305,0.463158009
ERS3466770,18,1.231992828,0.405215262
ERS3466771,24,1.62637718,0.276056393
ERS3466772,11,0.755186096,0.643232686
ERS3466773,32,2.174503743,0.168420777
ERS3466774,42,2.447943789,0.132285782
ERS3466775,14,0.754027475,0.599956296
ERS3466776,63,2.720549065,0.110022495
ERS3466777,43,2.227115958,0.1679816
ERS3466778,23,1.373720484,0.440965093
ERS3466779,8,0.82506266,0.558188717
ERS3466780,8,0.985435058,0.445683193
ERS3466781,5,0.73071887,0.498741083
ERS3466782,6,0.495568047,0.756096286
ERS3466783,9,0.44953886,0.789015643
ERS3466784,10,0.456079342,0.787312081
ERS3466785,2,0.035337408,0.988588268
ERS3466786,3,0.020748096,0.994172286
ERS3466787,16,1.092688516,0.433635642
ERS3466788,17,0.490638923,0.77752156
ERS3466789,29,2.195855696,0.150310422
ERS3466790,26,1.967543905,0.208390224
ERS3466791,27,1.40777636,0.359799587
ERS3466792,16,0.840843353,0.639577346
ERS3466793,17,1.253936002,0.431611561
ERS3466794,3,0.012333817,0.996988626
ERS3967688,21,1.059047519,0.44769926
ERS3967689,43,0.674730261,0.750794072
ERS654081,15,0.768059137,0.490122287
ERS654082,13,1.298137922,0.351983445
ERS654083,13,1.316313127,0.327749088
ERS654084,15,1.230820152,0.394875434
ERS654085,10,1.242573395,0.402435336
ERS654086,14,1.098320567,0.483986652
ERS654087,14,1.274603854,0.388214042
ERS654088,18,0.866309149,0.467782332
ERS654089,8,1.196501064,0.396087218
ERS654090,17,1.139237737,0.451669586
F-27.0,9,0.853886425,0.506288243
F-28.0,9,0.787772684,0.559401001
FF007_71775,49,1.150277015,0.361402799
FFOOD_224,5,0.902319252,0.514254923
FFOOD_226,23,0.742684785,0.736821212
FFOOD_230,6,1.072346349,0.371136389
FFOOD_231,4,0.869804954,0.478946248
FFOOD_237,17,1.147230641,0.460852778
FFOOD_238,7,0.887992715,0.478587871
FFOOD_239,8,1.233917494,0.339644928
FFOOD_241,6,1.207053322,0.336665918
FFOOD_242,4,0.756174635,0.561542727
FFOOD_243,4,0.695932873,0.611693419
FFOOD_244,18,0.416139811,0.81693392
FFOOD_245,7,1.043306869,0.403661026
FFOOD_246,8,0.673873121,0.654857549
FFOOD_247,3,0.711800605,0.608124385
FFOOD_248,4,0.630627231,0.664158966
FFOOD_249,11,0.227273401,0.925216385
FFOOD_250,4,1.133355171,0.352050848
FFOOD_251,20,1.002120877,0.475373217
FFOOD_252,12,0.93324363,0.501377392
FFOOD_253,4,0.668249366,0.624686117
FFOOD_254,13,1.116672877,0.356752244
FFOOD_255,5,1.030459571,0.38466376
FFOOD_256,12,1.191669406,0.326988965
FFOOD_257,10,0.787864436,0.580495958
FFOOD_258,6,0.865822186,0.504120614
FFOOD_259,10,0.880350708,0.475036924
FFOOD_260,21,1.178851218,0.401854517
FFOOD_261,15,1.207653948,0.326180358
FFOOD_262,15,1.062257834,0.397283761
FFOOD_263,8,1.073512942,0.378002611
FFOOD_264,5,1.096255859,0.335632498
FFOOD_265,19,1.039424144,0.421317244
FFOOD_266,17,0.946552595,0.49138583
FFOOD_267,4,0.289781911,0.864180741
FFOOD_268,5,0.628073347,0.686104679
FFOOD_269,6,1.1218359,0.347894875
FFOOD_270,15,1.105313101,0.387759557
FFOOD_271,12,1.108089613,0.397818672
FFOOD_272,7,0.748413577,0.491665237
FFOOD_273,3,0.939653604,0.440529178
FFOOD_274,5,1.053456772,0.37314769
FFOOD_275,4,0.969968836,0.409587255
FFOOD_276,6,1.019396938,0.392487412
FFOOD_277,12,1.082212314,0.392487513
FFOOD_278,4,1.042843739,0.381860703
FFOOD_279,11,1.166450442,0.381211056
FFOOD_280,4,0.908199428,0.458870888
FFOOD_281,15,1.15175452,0.338452329
FFOOD_282,37,2.367961098,0.122202699
FFOOD_283,29,1.964137592,0.22018501
FFOOD_284,18,1.276268155,0.348509332
FFOOD_285,25,1.00469271,0.553564556
FFOOD_286,15,0.699417025,0.67141712
FFOOD_287,20,0.795714374,0.643685266
FFOOD_288,10,0.864330871,0.550880667
FFOOD_289,29,1.425045823,0.321625291
FFOOD_290,22,2.104117141,0.155341121
FFOOD_291,9,0.479261795,0.756622116
FFOOD_292,7,0.77598836,0.625342056
FFOOD_293,0,0,0
FFOOD_294,12,1.162212033,0.35710379
FFOOD_295,15,0.628834623,0.734401707
FFOOD_296,15,0.599341124,0.743685392
FFOOD_297,12,0.393643244,0.79100782
FFOOD_298,6,1.093761749,0.352234268
FFOOD_299,11,1.341435648,0.409694486
FFOOD_300,10,1.138306312,0.465581419
FFOOD_301,0,0,0
FFOOD_303,0,0,0
FFOOD_304,6,1.322187703,0.341906662
FFOOD_305,0,0,0
FFOOD_306,4,0.906720521,0.448747093
FFOOD_307,4,1.317657031,0.286926165
FFOOD_308,7,1.083159151,0.408162579
FFOOD_309,17,1.094543537,0.471238781
FFOOD_310,13,1.690035407,0.243010559
FFOOD_311,19,1.170412202,0.519526616
FFOOD_312,10,0.880063576,0.473556875
FFOOD_313,5,0.853374841,0.580520819
FFOOD_314,10,0.834091825,0.626235857
FFOOD_317,7,1.214331001,0.352723027
FFOOD_318,6,0.390352404,0.789855262
FFOOD_319,23,0.822660973,0.694243699
FFOOD_320,19,1.021802692,0.434749894
FFOOD_321,13,1.338269652,0.3460987
FFOOD_322,16,1.845095205,0.23227126
FFOOD_323,15,1.247241538,0.459052224
FFOOD_324,14,1.134733162,0.451256005
FFOOD_325,10,0.625392314,0.727258105
FFOOD_326,21,1.139185372,0.455382112
FFOOD_327,14,1.000589122,0.514595488
FFOOD_328,15,1.080554819,0.495579545
FFOOD_329,19,0.704267318,0.739362478
FFOOD_330,9,0.976800199,0.53790684
FFOOD_331,18,1.50880228,0.315878425
FFOOD_332,11,1.004390046,0.525872209
FFOOD_333,8,1.28060987,0.385682756
FFOOD_334,8,1.051305437,0.417208658
FFOOD_335,7,1.031064799,0.442921313
FFOOD_336,10,1.269587493,0.39407372
FFOOD_337,11,0.436922154,0.839432383
FFOOD_338,38,1.742760233,0.276720211
FFOOD_339,38,2.341711355,0.128615463
FFOOD_340,46,1.621962493,0.356803444
FFOOD_341,10,1.781751396,0.205942505
FFOOD_342,9,1.191292099,0.388699042
FFOOD_343,14,1.35796782,0.328721939
FFOOD_344,10,1.466349225,0.25542599
FFOOD_345,21,1.58691237,0.246194376
FFOOD_346,15,0.896868083,0.593883856
FFOOD_347,31,1.404897073,0.323417846
FFOOD_348,17,1.481006579,0.310476862
FFOOD_349,6,1.002979504,0.471623645
FFOOD_350,11,0.892425412,0.552595724
FFOOD_351,13,1.118372633,0.41290883
FFOOD_352,7,0.969396953,0.480957718
FFOOD_353,13,1.515460169,0.258981639
FFOOD_355,7,0.759633752,0.635692992
FFOOD_356,11,1.319750457,0.361038208
FFOOD_357,14,1.236173233,0.342939858
FFOOD_358,18,0.986072039,0.50010993
FFOOD_359,11,0.902922689,0.462020376
FFOOD_361,12,1.221181591,0.359628884
FFOOD_363,9,1.117173753,0.388620409
FFOOD_364,12,0.528205136,0.77635616
FFOOD_366,17,1.24504279,0.359577914
FFOOD_367,6,0.708535601,0.498268122
FFOOD_368,14,0.626745801,0.728975245
FFOOD_369,10,0.165510361,0.94565586
FFOOD_370,9,0.738958664,0.658528956
FFOOD_371,17,0.631265859,0.661051374
FFOOD_372,17,1.457133267,0.26764424
FFOOD_373,9,0.745491488,0.674828529
FFOOD_374,11,1.230950542,0.355922922
FFOOD_375,19,1.329356321,0.409188404
FFOOD_377,14,1.099025863,0.436715321
FFOOD_378,14,1.30796019,0.3631271
FFOOD_380,12,0.774736245,0.637154057
FFOOD_381,19,1.386248485,0.398540741
FFOOD_382,22,1.501102906,0.337047689
FFOOD_383,10,1.398113267,0.303345002
FFOOD_384,13,1.067764392,0.473383889
FFOOD_385,15,0.955774254,0.448462668
FFOOD_386,16,1.104785055,0.46152286
FFOOD_387,15,0.928520243,0.545724799
FFOOD_388,11,0.358807087,0.860943194
FFOOD_389,11,1.431794421,0.311507116
FFOOD_390,18,1.620646716,0.283143383
FFOOD_391,6,1.107988067,0.37795254
FFOOD_392,7,0.965147565,0.471351925
FFOOD_393,20,0.622386576,0.766265919
FFOOD_394,9,0.864345453,0.580317844
FFOOD_395,22,1.494020468,0.268950094
FFOOD_396,18,1.242560488,0.460183323
FFOOD_397,11,1.433813384,0.282615277
FFOOD_398,4,0.860904795,0.55521534
FFOOD_405,27,0.408862644,0.801157472
FFOOD_406,11,0.558532244,0.722918755
FFOOD_407,6,0.321091929,0.827245625
FFOOD_408,9,1.328689408,0.336645894
FFOOD_409,11,1.23370557,0.404318977
FFOOD_410,8,1.082822971,0.480929009
FFOOD_411,22,0.400416603,0.857531482
FFOOD_412,13,0.535019905,0.704002363
FFOOD_413,12,0.697670567,0.708689286
FFOOD_414,18,1.126663335,0.44656242
FFOOD_415,23,1.563796354,0.258654419
FFOOD_416,16,1.092447637,0.468044391
FFOOD_417,15,1.309668194,0.4009263
FFOOD_418,27,1.679372393,0.275454835
FFOOD_419,11,1.415053107,0.300445711
FFOOD_420,14,1.378766589,0.295237855
FFOOD_421,12,1.120334063,0.431146577
FFOOD_422,15,1.167154578,0.372045693
FFOOD_423,15,1.20196556,0.399406158
FFOOD_424,14,0.259749798,0.896469089
FFOOD_425,27,0.963847546,0.49629089
FFOOD_426,23,0.822173841,0.602256263
FFOOD_427,7,0.185812472,0.932166105
FFOOD_428,7,0.106888679,0.966251082
FFOOD_429,11,0.546030018,0.759215035
FFOOD_430,31,0.900836636,0.557475116
FFOOD_431,5,0.714364499,0.507304102
FFOOD_432,27,0.312933536,0.865919744
FO001_71775,55,0.574365293,0.686272812
FO005_71775,98,0.981022382,0.561066599
FO007_71775,95,2.184365575,0.220953764
FO011_71775,67,1.003872203,0.443382526
FO013_71775,57,0.940794776,0.510370539
F_302,19,0.582544235,0.745080768
F_315,31,2.029625517,0.185994789
F_316,20,1.397419676,0.284268065
F_354,16,1.457030169,0.273381456
F_360,19,1.268988493,0.364503674
F_362,33,1.707515636,0.216177958
F_365,15,1.298791351,0.368736235
F_376,22,1.459042431,0.348348957
F_379,20,0.829895189,0.649442163
GO001_73417,32,0.853432537,0.493299948
GO003_71775,22,0.775879148,0.544985438
GO004_71775,31,1.361733373,0.348056727
GO005_71775,18,0.701424573,0.581041326
GO011_71775,23,0.648676234,0.643800961
GO013_71775,49,1.491102614,0.309906373
GO102_71775,56,1.860244309,0.233656378
GO202_71775,14,0.733276406,0.509487899
GR001_73417,44,1.623137672,0.24903054
GR002_73417,49,1.849506061,0.19139801
GR003_71775,28,1.01410654,0.421346898
GR012_71775,29,1.424922139,0.266419877
GR111_73417,22,1.508471551,0.258344395
GR211_71775,45,0.590362364,0.735625647
H-23,7,0.751052952,0.49490263
H-24,7,0.661783791,0.562850348
H-25,10,0.757574393,0.494052793
H-26,11,0.679938189,0.54949449
H-27,11,0.803631034,0.492361928
H-28,12,0.823630189,0.491984327
H-29,45,1.319675866,0.385203006
H-30,38,1.226829167,0.392370063
I-23,29,0.535598115,0.739554768
I-23.1,20,0.588124451,0.694428928
I-24,29,0.525622585,0.730274241
I-24.1,19,0.484459774,0.762778568
I-25,32,0.351734541,0.863199099
I-25.1,30,0.359704207,0.849731511
I-26,37,0.438580605,0.819960632
I-26.1,30,0.298158349,0.881051022
I-27,13,0.680558348,0.534006171
I-28,27,1.002918663,0.468494533
I-29,41,0.992026429,0.513494599
I-30,39,1.033024931,0.502034935
IGP_1,15,0.641047945,0.571027207
IGP_2,3,0.381860938,0.800297244
IGP_3,4,0.680039953,0.516956582
KM-1D,57,2.797426199,0.081433187
KM-1G,51,2.116284327,0.230108721
KM-2D,52,2.306584369,0.161843588
KM-2G,62,2.827156431,0.093528624
KM-4D,65,2.389468579,0.159011689
KM-4G,51,2.319576068,0.157335828
KM-5D,59,2.298239502,0.213638045
KM-5G,57,2.63705327,0.099681602
L1a_cracks,0,0,0
L1a_withoutcracks,0,0,0
L1b_cracks,0,0,0
L1b_withoutcracks,0,0,0
L1c_cracks,0,0,0
L1c_withoutcracks,0,0,0
L2_cracks,0,0,0
L2_withoutcracks,0,0,0
L3_cracks,0,0,0
L3_withoutcracks,0,0,0
M-23,25,1.261981308,0.36416713
M-23.1,37,1.555996998,0.267561936
M-24,24,1.256688337,0.374936671
M-24.1,34,1.494965563,0.305768404
M-25,28,0.762995441,0.588612938
M-25.1,28,0.787362444,0.602694082
M-26,38,0.920936237,0.497484371
M-26.1,31,0.863195947,0.536550256
M-27,54,1.615203666,0.271032833
M-28,54,1.36143217,0.399354737
M-29,101,1.056437438,0.52659474
M-30,53,1.018438371,0.481937863
M1a_cracks,0,0,0
M1a_withoutcracks,0,0,0
M1b_cracks,0,0,0
M1b_withoutcracks,0,0,0
M1c_cracks,0,0,0
M1c_withoutcracks,0,0,0
M2_core_withoutcracks,0,0,0
M2_rind_cracks,0,0,0
MO002_71775,31,0.964419958,0.532747482
MO005_73417,38,1.132546455,0.465849895
MO007_73418,65,1.43376688,0.292665875
MO011_71775,17,0.872404243,0.461155687
MO013_71775,31,0.824006013,0.542579599
MV011_71775,52,0.827294809,0.660238143
MZ011_71775,25,1.110880163,0.33741498
Mauriello_A1,25,1.260678049,0.473243185
Mauriello_A2,28,1.756328267,0.249949082
Mauriello_B1,19,2.036287962,0.21489468
Mauriello_B2,18,1.366909827,0.38878339
Mauriello_B3,23,1.765969968,0.252943877
Mauriello_B4,20,1.441577502,0.365035193
Mauriello_C1,48,1.744887909,0.310673225
Mauriello_C10,37,1.407857705,0.346181766
Mauriello_C2,39,1.70021955,0.25509681
Mauriello_C3,31,2.112279355,0.167630893
Mauriello_C4,41,1.852610453,0.231709775
Mauriello_C5,36,1.785184063,0.24083415
Mauriello_C6,17,1.210986653,0.385429955
Mauriello_C7,3,0.786491795,0.501628105
Mauriello_C8,41,2.624588323,0.093693681
Mauriello_C9,61,2.919349348,0.090222571
Mauriello_D1,27,1.681380085,0.323369132
Mauriello_D10,48,1.744895435,0.310670339
Mauriello_D11,27,1.681380085,0.323369132
Mauriello_D2,33,1.202612352,0.569784337
Mauriello_D3,35,1.948515803,0.229274215
Mauriello_D4,18,0.282964693,0.906685385
Mauriello_D5,30,0.611635381,0.78747418
Mauriello_D7,47,2.264023305,0.175199146
Mauriello_D8,52,2.313090886,0.166541843
Mauriello_E1,36,1.133515121,0.561961768
Mish,0,0,0
N-27.0,10,0.841157801,0.518399153
N-28.0,10,0.930119605,0.458063036
O-23,33,0.531103637,0.701013518
O-23.1,28,1.24425613,0.343869204
O-24,31,0.619065005,0.616334071
O-24.1,19,0.727216771,0.498223965
O-25,45,0.285208509,0.900023487
O-25.1,67,2.215777402,0.208377257
O-26,32,0.270729435,0.894807797
O-26.1,47,0.931510314,0.625574089
O-27,28,0.846465342,0.570669759
O-28,15,0.689977648,0.532808753
O-29,37,0.488211872,0.824683986
O-30,51,0.640192851,0.780572829
P-27.0,7,0.817307436,0.47814046
P-28.0,7,0.800141264,0.49862317
P2143_73322,35,1.013160038,0.592029326
P2144_73322,30,1.133639451,0.4473492
P2145_73322,33,1.294679589,0.438191535
P2146_73322,29,1.196559717,0.394274805
P2147_73322,94,2.522958415,0.13966774
P2149_73322,89,2.228217354,0.215886706
P2153_73322,7,1.199336219,0.349889003
P2154_73322,6,1.061762679,0.406730038
P2155_73322,8,1.174476566,0.366346102
P2156_73322,5,1.035251,0.419584246
P2157_73322,12,1.462133345,0.299379624
P2158_73322,11,1.198328971,0.368308476
P2160_73322,17,1.063930924,0.439366394
P2163_73322,36,0.152803816,0.952054166
P2164_73322,17,0.44651125,0.76207271
P2165_73322,53,0.387570198,0.853756477
P2166_73322,49,0.413128876,0.812875246
P2167_73322,35,0.290933657,0.907743794
P2168_73322,22,0.296339359,0.866250504
P2169_73322,28,0.183307244,0.931944152
P2170_73322,31,0.132802143,0.960701407
P2173_73322,4,0.815330804,0.539662685
P2174_73322,4,0.839017334,0.521574472
P2175_73322,4,0.863931484,0.50220367
P2176_73322,4,0.859616131,0.506341158
P2177_73322,9,1.016841544,0.47360995
P2178_73322,4,0.921750033,0.462307295
P2179_73322,7,0.887821815,0.507684537
P2180_73322,4,0.9638668,0.431110073
P2183_73322,10,0.699828693,0.528290891
P2184_73322,7,0.685093904,0.536020991
P2185_73322,12,0.71346608,0.521451129
P2186_73322,14,0.688700852,0.537315827
P2187_73322,11,1.014431509,0.411750616
P2188_73322,10,0.706010268,0.586352396
P2189_73322,9,0.733216107,0.527305507
P2190_73322,10,0.714245351,0.596411971
P2193_73323,5,0.731640822,0.606952648
P2194_73323,5,0.74193092,0.601035829
P2195_73323,5,0.721974851,0.609820536
P2196_73323,5,0.73227757,0.603148449
P2197_73323,5,0.667962891,0.658407924
P2198_73323,5,0.94052738,0.483003646
P2199_73323,5,0.752907252,0.604486469
P2203_73323,4,0.815164237,0.533800195
P2204_73323,5,0.801475919,0.541844592
P2205_73323,5,0.80759967,0.537377771
P2206_73323,5,0.827214847,0.520532968
P2207_73323,7,0.864741504,0.492070428
P2208_73323,4,0.940608915,0.441761818
P2209_73323,5,0.841797266,0.502762578
P2210_73323,4,0.886750693,0.476588649
P2213_73323,9,0.938084231,0.460864555
P2214_73323,6,0.932686912,0.455257322
P2215_73323,11,0.912918527,0.487748769
P2216_73323,8,0.9032149,0.475494653
P2217_73323,19,1.415494479,0.364691436
P2218_73323,17,1.184273505,0.399919321
P2219_73323,25,1.590530091,0.286231492
P2220_73323,20,1.146096488,0.42835398
P2223_73323,20,1.084958353,0.397697403
P2224_73323,25,1.115357812,0.3814703
P2225_73323,18,1.003484105,0.438622708
P2226_73323,17,1.075735145,0.397746291
P2227_73323,23,0.964761035,0.441550477
P2228_73323,28,1.110203498,0.403677275
P2229_73323,16,0.953438713,0.442701831
P2230_73323,22,1.0599875,0.411298123
P2233_73323,46,1.069355832,0.610648876
P2234_73323,42,0.482900776,0.835536303
P2235_73323,48,0.944416053,0.659404694
P2236_73323,47,0.563448254,0.800929107
P2237_73323,61,2.606225262,0.109658083
P2238_73323,35,1.163168283,0.420091462
P2239_73323,60,2.171279966,0.180930152
P2240_73323,50,1.643877941,0.292661583
P2243_73323,33,1.703823287,0.278667193
P2244_73323,35,1.061262729,0.598852894
P2245_73323,38,1.77584346,0.259852301
P2246_73323,33,1.301821705,0.461897917
P2247_73323,39,1.703477659,0.265556633
P2248_73323,23,1.684832807,0.260861766
P2249_73323,59,2.469585763,0.126367816
P2250_73323,63,2.191385851,0.180398449
P2478,9,0.79743747,0.523457085
P2479,10,0.801078783,0.521405247
P2480,10,0.803200985,0.522839629
P2481,8,0.805499758,0.516533295
P2482,8,0.812599999,0.517105022
P2483,8,0.825065192,0.509671884
P2484,8,0.809030457,0.517825856
P2485,8,0.807000426,0.514182927
P2489,3,0.693546077,0.499969152
P2490,3,0.674183285,0.519412588
P2491,3,0.691765039,0.502140293
P2492,3,0.667760916,0.526023818
P2493,6,0.694670135,0.499901259
P2494,7,0.691068971,0.503772131
P2495,5,0.665268578,0.529009146
P2498,12,0.42289748,0.80290546
P2499,10,0.40740567,0.81261378
P2500,15,0.422893056,0.805696029
P2501,11,0.427915083,0.800846058
P2502,23,1.071225165,0.397995656
P2503,20,0.932058341,0.472095982
P2504,17,1.324389429,0.297946739
P2505,17,1.073215534,0.37603703
P2508,10,0.62899986,0.602885102
P2509,9,0.561818346,0.662354893
P2510,13,0.62668609,0.604588034
P2511,11,0.553043076,0.667877408
P2512,16,0.702053399,0.557190433
P2513,7,0.648538069,0.597400167
P2514,12,0.623412592,0.614846298
P2515,8,0.576108567,0.656279819
P2518,20,0.566608383,0.710753736
P2519,17,0.616803065,0.690503352
P2520,14,0.580109788,0.711782591
P2521,17,0.584637334,0.711370891
P2522,5,0.93544744,0.488918015
P2523,14,0.692488472,0.63271655
P2524,21,0.828148852,0.573623596
P2525,26,0.700590368,0.643332119
P2528,6,0.765972203,0.636006834
P2529,5,0.70066934,0.679785137
P2530,7,0.759822004,0.647058695
P2531,5,0.721056249,0.663775935
P2532,6,0.794834217,0.582488347
P2533,6,0.613854536,0.699508214
P2534,6,0.860268175,0.542573126
P2535,6,0.724228593,0.627410906
P2538,5,0.362104328,0.830802411
P2539,7,0.404118252,0.806636203
P2540,9,0.504700698,0.747934789
P2541,7,0.477475422,0.764852258
P2544,44,1.709694195,0.256467753
P2545,47,1.742768297,0.24824402
P2546,35,1.695845318,0.251254871
P2548,41,1.586019996,0.284807508
P2549,50,1.607205824,0.281170849
P2550,36,1.500526013,0.309431149
P2551,48,1.611411241,0.277466749
P2554,39,0.452580298,0.83091735
P2555,26,0.500884502,0.807374188
P2556,39,0.622119924,0.773801998
P2557,23,0.529726795,0.792347384
P2558,77,2.547628034,0.115257918
P2559,32,0.447600572,0.837174277
P2560,40,0.847233314,0.646274694
P2561,19,0.405630224,0.84145181
P2564,25,1.011633248,0.507073434
P2565,36,1.548903849,0.261257174
P2566,23,1.318072516,0.341783291
P2567,33,1.605529548,0.238263025
P2568,34,2.081282484,0.171458804
P2569,37,2.084928868,0.172557437
P2570,37,1.76709468,0.240693337
P2571,29,1.884534159,0.222333958
P2574,26,2.017332997,0.175685204
P2575,21,1.753082908,0.203838786
P2576,12,1.568072783,0.254321975
P2577,25,1.850089198,0.179011411
P2578,36,2.140610315,0.167589397
P2579,32,2.18429368,0.180429577
P2580,32,2.316404819,0.134910034
P2581,35,2.139940751,0.158992948
P2584,73,2.027008625,0.263739833
P2585,36,1.288289705,0.457165438
P2586,49,1.447020627,0.462665717
P2587,44,1.192182887,0.494095605
P2588,81,2.152975728,0.17312644
P2589,32,0.95675822,0.603092233
P2590,35,1.150121163,0.537242588
P2591,46,2.158247374,0.175273064
P2594,26,1.655519555,0.255503827
P2595,3,0.789099175,0.556005341
P2596,35,1.585428089,0.307582921
P2597,41,2.325895674,0.138225091
P2598,50,2.293369776,0.153042335
P2599,71,2.520569717,0.119548426
P2600,34,2.513808155,0.108474962
P2601,65,2.323617686,0.132144078
P2604,40,0.550898824,0.789760253
P2605,30,1.166696228,0.469215293
P2606,28,0.637672321,0.738297954
P2607,41,1.138842919,0.49858743
P2608,55,1.797827772,0.268556249
P2609,33,0.8828405,0.627448073
P2610,45,1.073286755,0.579549896
P2611,44,0.864922111,0.642233563
P2614,88,2.110451016,0.184862365
P2615,64,1.99323201,0.213705214
P2616,57,1.820704158,0.249896607
P2617,0,0,0
P2618,89,2.248606414,0.214947186
P2619,94,1.816675242,0.353898936
P2620,64,1.980368333,0.229647578
P2621,94,1.783198116,0.371916245
P2624,53,1.388457993,0.453716927
P2625,74,1.78036034,0.342554768
P2626,39,1.368949567,0.459819708
P2627,54,1.391321097,0.455796495
P2628,51,1.356072398,0.493049214
P2629,50,1.382217027,0.472913467
P2630,55,1.355859653,0.494061221
P2631,44,1.349684733,0.489618609
P2634,57,1.307610895,0.384386423
P2635,34,1.305195622,0.373478474
P2636,37,1.34210739,0.358662524
P2637,40,1.319733213,0.372393602
P2638,53,1.124680682,0.41749015
P2639,22,1.237757468,0.381825515
P2640,23,1.14032036,0.407980819
P2641,22,1.346470995,0.348014549
P2644,29,0.153304623,0.95362051
P2_200_75211,6,0.818848581,0.557847132
PA001_71775,49,1.357065666,0.309009359
PA002_73417,24,1.278401984,0.347296741
PA004_73417,48,1.111714203,0.478728667
PA011_73417,42,1.203475038,0.351979563
PA012_73417,93,0.779103749,0.655246917
PA107_73419,5,0.9833869,0.458803521
PA207_73417,62,1.709175746,0.212683459
PB007_73417,78,1.913164391,0.255841884
PDO_002,7,0.704564789,0.638925817
PDO_003,14,0.751165379,0.523806813
PDO_004,12,0.430989287,0.824998304
PDO_005,22,1.013117288,0.535515661
PDO_006,11,0.70635057,0.589397583
PDO_007,12,0.269560474,0.883396476
PDO_008,37,2.179661429,0.145934353
PDO_009,9,1.204999727,0.318628184
PDO_010,31,2.029354754,0.200439064
PDO_011,36,2.158408461,0.173605604
PDO_012,11,1.245062264,0.363667429
PDO_013,5,0.520028204,0.729722967
PDO_014,10,0.217143638,0.912586009
PDO_016,6,1.081384252,0.358610216
PDO_017,11,1.053158921,0.530495199
PDO_018,10,1.26899499,0.308518996
PDO_019,39,1.770166673,0.23716806
PDO_020,10,0.719133783,0.676932763
PDO_021,14,0.679457745,0.675084882
PDO_022,22,0.705356093,0.692746697
PDO_023,7,0.752350809,0.556359518
PDO_024,31,1.664241829,0.33349858
PDO_026,21,0.562213615,0.758905118
PDO_027,57,1.348092799,0.483111617
PDO_028,9,1.567126904,0.247603326
PDO_030,29,1.139463491,0.465630843
PDO_031,23,1.272418022,0.391135311
PDO_032,16,0.479674298,0.779120991
PDO_033,47,1.815231397,0.267696723
PDO_034,14,0.813937782,0.489173137
PDO_035,39,0.782567796,0.609173843
PDO_036,18,1.368155062,0.3254006
PDO_037,8,0.974850616,0.545154547
PDO_038,10,1.269904243,0.300075798
PDO_039,29,1.801164496,0.254371576
PDO_040,18,1.110884155,0.451132013
PDO_041,24,1.488455453,0.370086357
PDO_042,4,0.876307609,0.447038711
PDO_043,5,0.658771286,0.705562857
PDO_045,56,2.374357866,0.148143393
PDO_047,9,0.356991945,0.853302131
PDO_048,13,0.957329866,0.567796438
PDO_049,11,0.626446416,0.721175909
PDO_050,4,0.766372086,0.527369776
PDO_052,12,0.997681295,0.423149853
PDO_053,39,1.723569056,0.358585671
PDO_054,3,0.312977842,0.830330297
PDO_055,11,0.17971208,0.919586789
PDO_056,18,0.686902237,0.523541431
PDO_057,11,0.290054438,0.880473196
PDO_058,12,0.866072806,0.497249053
PDO_059,2,0.010685476,0.997177594
PDO_060,9,0.790733857,0.560414135
PDO_061,42,2.483686972,0.140276374
PDO_062,32,1.288384657,0.36447479
PDO_063,5,0.617341897,0.62163576
PDO_064,25,2.152254365,0.14561938
PDO_065,12,0.663727074,0.569963254
PDO_067,44,1.21534036,0.496614214
PDO_068,14,0.777585873,0.634125508
PDO_069,9,1.217873778,0.340916828
PDO_070,16,1.639557305,0.265948586
PDO_071,34,2.111604679,0.170809542
PDO_072,29,1.558230549,0.291276595
PDO_073,30,1.743516973,0.291329651
PDO_074,50,2.001134945,0.233064062
PDO_075,16,0.57262878,0.715578597
PDO_076,16,0.83907575,0.591203042
PDO_077,34,2.10780392,0.177343851
PDO_078,28,1.96821458,0.161822549
PDO_079,28,1.426088473,0.392982066
PM001_71775,66,1.38679681,0.351122914
PM002_71775,86,1.590801918,0.2917116
PM003_71775,65,0.738165699,0.678586097
PM005_71775,63,1.052182138,0.521811765
PM007_71775,55,1.177395297,0.412374281
PM012_71775,105,1.545740976,0.293577235
PM013_71775,47,0.627439745,0.754656756
PR003_71775,71,0.677129279,0.643520281
PR004_71775,65,0.87885787,0.629336505
PR005_71775,69,1.177810508,0.48699138
PR006_71775,42,0.837552748,0.508092939
PR011_71775,28,0.377622552,0.853187966
PR012_71775,77,0.765370052,0.49812753
PR102_71775,53,1.603930069,0.336071844
PR107_71775,82,0.776862837,0.625310889
PR202_71775,52,0.451082054,0.760021765
PR207_71775,102,1.207205731,0.463304494
PS007_71775,58,1.053822243,0.510058449
PT008_71775,30,0.426799608,0.835234304
PT014_71775,17,0.651832265,0.655618438
PU007_71775,115,2.907393953,0.092745222
PU010_71775,101,1.595121248,0.427404792
PV005_71775,49,0.971884512,0.453698889
Q01-23,34,0.823722896,0.64494735
Q01-23X,32,0.723723035,0.698173466
Q01-24,14,0.681275788,0.519372307
Q01-25,37,0.825205502,0.63890546
Q01-26,16,0.685442794,0.518107602
Q01-27,30,0.795359144,0.666081566
Q01-28,14,0.679290312,0.51985077
Q01-29,41,1.600513823,0.278572772
Q01-30,44,1.66462721,0.271168399
Q02-23,81,2.57162534,0.117319478
Q02-24,75,1.955675623,0.252992727
Q02-25,75,2.335078844,0.161772948
Q02-26,69,1.98707729,0.236000385
Q02-27,52,2.372270105,0.143251564
Q02-28,88,1.969202628,0.297538433
Q02-29,73,2.372463059,0.129239245
Q02-30,91,2.05390181,0.278615515
Q03-23,8,0.801437549,0.513140131
Q03-24,7,0.751190062,0.544421474
Q03-25,7,0.882730435,0.449564869
Q03-26,9,0.839948651,0.479707448
Q03-27,25,1.040999985,0.503065602
Q03-28,26,1.122663489,0.478201682
Q03-29,9,1.335068963,0.331695879
Q03-30,17,1.708243293,0.236785965
Q04-23,38,1.426861297,0.321405243
Q04-24,37,1.340151494,0.363356
Q04-25,55,1.930295591,0.206660627
Q04-26,59,1.840625235,0.2604867
Q04-27,60,2.176097297,0.161560625
Q04-28,63,2.268929836,0.145601426
Q04-29,47,1.948140896,0.255997944
Q04-30,67,2.349792315,0.155235547
Q05-23,11,0.946213527,0.42970432
Q05-24,11,0.949082585,0.41927252
Q05-25,20,1.235929409,0.362103016
Q05-26,22,1.142233746,0.408513015
Q05-27,13,1.339608571,0.308024958
Q05-28,14,1.245570188,0.341790785
Q05-29,6,1.01601074,0.466724088
Q05-30,10,1.219232504,0.347545522
Q06-23,23,0.977738723,0.455131686
Q06-24,23,0.946193144,0.483691564
Q06-25,39,1.237180216,0.364948312
Q06-26,40,1.236459605,0.367585941
Q06-27,30,1.225818826,0.437844137
Q06-28,46,1.740365323,0.27712526
Q06-29,24,0.952062818,0.50083497
Q06-30,28,1.112959205,0.4780104
Q07-23,15,0.734728981,0.574822318
Q07-24,12,0.598048467,0.676636788
Q07-25,23,0.875546872,0.474681608
Q07-26,17,0.865430808,0.474743905
Q07-27,29,1.263753847,0.368453956
Q07-28,22,1.083734599,0.471788885
Q07-29,25,1.726118679,0.288050534
Q07-30,29,1.705016076,0.277989882
Q08-23,56,0.838149551,0.605878912
Q08-24,55,0.951407336,0.5465669
Q08-25,115,0.76749557,0.760175149
Q08-26,102,0.992860981,0.636670351
Q08-27,44,1.332258736,0.327572301
Q08-28,61,1.411951393,0.321188029
Q08-29,49,1.965086299,0.221641893
Q08-30,45,1.913782814,0.216381824
RC17-04-AC,34,0.742507758,0.64567059
RC17-04-AR,12,0.85931441,0.532867254
RC17-04-BC,13,0.702521394,0.663460821
RC17-04-BR,12,0.904078281,0.512383029
RC17-F-AC,10,0.371356902,0.850374993
RC17-F-AR,73,2.46354517,0.145226352
RC17-F-BC,12,0.38538325,0.843956128
RC17-F-BR,74,2.718728944,0.119702326
S-27.0,10,0.438272625,0.744380576
S-28.0,12,0.431351699,0.752793594
S2-DNA,0,0,0
S4-DNA,0,0,0
SRR13259372,0,0,0
SRR13259373,0,0,0
SRR13259374,0,0,0
SRR13259375,0,0,0
SRR13259376,0,0,0
SRR13259377,0,0,0
SRR13259378,0,0,0
SRR13259379,0,0,0
SRR17227786,0,0,0
SRR17227787,0,0,0
SRR17227788,0,0,0
SRR17227789,0,0,0
SRR17227790,0,0,0
SRR17227791,0,0,0
SRR17227792,0,0,0
SRR17227793,0,0,0
SRR17227794,0,0,0
SRR17227795,0,0,0
SRR17227796,0,0,0
SRR17227797,0,0,0
SRR17227798,0,0,0
SRR17227799,0,0,0
SRR17227800,0,0,0
SRR17227801,0,0,0
SRR17227802,0,0,0
SRR17227803,0,0,0
SRR20746818,0,0,0
SRR20746819,0,0,0
SRR20746820,0,0,0
SRR20746821,0,0,0
SRR20746822,0,0,0
SRR20746823,0,0,0
SRR20746824,0,0,0
SRR20746825,0,0,0
SRR20746826,0,0,0
SRR20746827,0,0,0
SRR20746829,0,0,0
SRR20746830,0,0,0
SRR20746831,0,0,0
SRR20746832,0,0,0
SRR20746833,0,0,0
SRR20746834,0,0,0
SRR20746835,0,0,0
SRR20746836,0,0,0
SRR20746837,0,0,0
SRR20746838,0,0,0
SRR20746839,0,0,0
SRR20746840,0,0,0
SRR20746841,0,0,0
SRR20746843,0,0,0
SRR20746844,0,0,0
SRR20746845,0,0,0
SRR20746846,0,0,0
SRR20746847,0,0,0
SRR20746848,0,0,0
SRR20746849,0,0,0
SRR20746850,0,0,0
SRR20746851,0,0,0
SRR20746852,0,0,0
SRR20746854,0,0,0
SRR20746855,0,0,0
SRR20746856,0,0,0
SRR20746857,0,0,0
SRR20746858,0,0,0
SRR20746859,0,0,0
SRR20746860,0,0,0
SRR20746861,0,0,0
SRR20746862,0,0,0
SRR20746863,0,0,0
SRR20746865,0,0,0
SRR20746866,0,0,0
SRR20746867,0,0,0
SRR20746868,0,0,0
SRR20746869,0,0,0
SRR20746870,0,0,0
SRR20746871,0,0,0
SRR20746873,0,0,0
SRR20746874,0,0,0
SRR20746875,0,0,0
SRR20746876,0,0,0
SRR20746877,0,0,0
SRR20746878,0,0,0
SRR20746879,0,0,0
SRR20746880,0,0,0
SRR20746881,0,0,0
SRR20746882,0,0,0
SRR20746884,0,0,0
SRR20746909,0,0,0
SRR20746910,0,0,0
SRR20746911,0,0,0
SRR20746912,0,0,0
SRR20746914,0,0,0
SRR20746915,0,0,0
SRR20746916,0,0,0
SRR20746917,0,0,0
SRR20746918,0,0,0
SRR20746919,0,0,0
SRR20746920,0,0,0
SRR20746921,0,0,0
SRR20746922,0,0,0
SRR20746923,0,0,0
SRR20746925,0,0,0
SRR20746926,0,0,0
SRR20746927,0,0,0
SRR20746928,0,0,0
SRR20746929,0,0,0
SRR20746930,0,0,0
SRR20746931,0,0,0
SRR20746932,0,0,0
SRR20746933,0,0,0
SRR20746934,0,0,0
SRR20746936,0,0,0
SRR20746937,0,0,0
SRR20746938,0,0,0
SRR20746939,0,0,0
SRR20746940,0,0,0
SRR20746941,0,0,0
SRR20746942,0,0,0
SRR20746943,0,0,0
SRR20746944,0,0,0
SRR20746945,0,0,0
SRR20746946,0,0,0
SRR20746947,0,0,0
SRR20746948,0,0,0
SRR20746950,0,0,0
SRR20746951,0,0,0
SRR20746952,0,0,0
SRR20746953,0,0,0
SRR20746954,0,0,0
SRR20746955,0,0,0
SRR20746956,0,0,0
SRR20746957,0,0,0
SRR20746958,0,0,0
SRR20746959,0,0,0
SRR20746961,0,0,0
SRR20746962,0,0,0
SRR20746963,0,0,0
SRR20746964,0,0,0
SRR20746965,0,0,0
SRR20746966,0,0,0
SRR20746967,0,0,0
SRR20746968,0,0,0
SRR20746969,0,0,0
SRR20746970,0,0,0
SRR20746972,0,0,0
SRR20746973,0,0,0
SRR20746974,0,0,0
SRR20746975,0,0,0
SRR20746976,0,0,0
SRR20746977,0,0,0
SRR20746978,0,0,0
SRR20746979,0,0,0
SRR20746980,0,0,0
SRR20746981,0,0,0
SRR20811130,0,0,0
SRR20811131,0,0,0
SRR20811132,0,0,0
SRR20811133,0,0,0
SRR20811134,0,0,0
SRR20811136,0,0,0
SRR20811137,0,0,0
SRR20811138,0,0,0
SRR20811139,0,0,0
SRR20811140,0,0,0
SRR20811141,0,0,0
SRR20811142,0,0,0
SRR20811143,0,0,0
SRR20811144,0,0,0
SRR20811145,0,0,0
SRR20811147,0,0,0
SRR20811148,0,0,0
SRR20811149,0,0,0
SRR20811150,0,0,0
SRR20811151,0,0,0
SRR20811152,0,0,0
SRR20811153,0,0,0
SRR20811174,0,0,0
SRR20811175,0,0,0
SRR20811176,0,0,0
SRR20811178,0,0,0
SRR20811179,0,0,0
SRR20811221,0,0,0
SRR20811222,0,0,0
SRR20811223,0,0,0
SRR20811224,0,0,0
SRR20811227,0,0,0
SRR20811228,0,0,0
SRR20811229,0,0,0
SRR20811270,0,0,0
SRR20811271,0,0,0
SRR20811272,0,0,0
SRR20811273,0,0,0
SRR20811274,0,0,0
SRR20811275,0,0,0
SRR20811276,0,0,0
SRR20811278,0,0,0
SRR20811279,0,0,0
SRR20811280,0,0,0
SRR20811281,0,0,0
SRR20811282,0,0,0
SRR20811283,0,0,0
SRR20811284,0,0,0
SRR20811285,0,0,0
SRR20811286,0,0,0
SRR20811287,0,0,0
SRR20811289,0,0,0
SRR20811290,0,0,0
SRR20811291,0,0,0
SRR20811292,0,0,0
SRR20811293,0,0,0
SRS2870567,14,1.347530047,0.384458133
SRS2870568,9,0.310495271,0.878010848
SRS2870569,9,0.545994273,0.777944374
SRS2870570,6,0.143041455,0.951487508
SRS2870571,8,0.413641022,0.838439975
SRS2870572,6,0.203815042,0.919835537
SRS2870573,6,0.180670304,0.929067069
SRS2870574,6,0.204786068,0.920366884
SRS2870575,6,0.140083924,0.951166424
SRS2870576,6,0.168411492,0.941298036
SRS2870577,7,0.123992391,0.957069777
SRS2870578,6,0.139954238,0.950970923
SRS2870579,15,1.311339289,0.375969169
SRS2870580,6,0.162748431,0.93757983
SRS2870581,6,0.153088584,0.942344778
SRS2870582,6,0.165862725,0.940080089
SRS2870583,6,0.20577157,0.923102225
SRS2870584,6,0.157708192,0.941755259
SRS2870585,6,0.15772567,0.937819263
SRS2870586,6,0.152559571,0.943615863
SRS2870587,6,0.142947071,0.944360843
SRS2870588,6,0.144459534,0.948671391
SRS2870589,6,0.109501616,0.961165405
SRS2870590,8,0.592342877,0.753782758
SRS2870591,8,0.436985742,0.827912333
SRS2870592,14,1.248392362,0.407104903
SRS2870593,13,0.999451313,0.540859477
SRS2870594,14,0.843167813,0.61082519
SRS2870595,14,0.955149541,0.457083108
SRS2870596,12,0.969623429,0.528247479
SRS2870597,12,0.709464563,0.665354684
SRS2870598,10,0.609781377,0.751523612
SRS2870599,10,0.681010209,0.684274935
SRS2870600,11,0.858375725,0.621390677
SRS2870601,10,0.565502329,0.777001102
SRS2870602,10,0.942040553,0.561823216
SRS3591582,52,1.27350584,0.402776583
SRS3591585,20,0.824478467,0.543626515
SRS974112,89,2.371257592,0.140980344
T-23,35,0.551480216,0.77615636
T-23.1,33,0.87231279,0.610203922
T-24,41,0.463626695,0.819571857
T-24.1,33,0.801989699,0.656297343
T-25,34,0.126342619,0.965643598
T-25.1,46,0.203999173,0.942584717
T-26,41,0.085124347,0.978271383
T-26.1,48,0.106666223,0.973758294
T-27,13,1.042925145,0.488542939
T-28,14,0.889337539,0.553312039
T-29,17,0.104811444,0.968636586
T-30,16,0.095969083,0.970920864
TA003_71775,68,1.50537949,0.379685513
TA011_71775,39,1.521197318,0.363640899
TA012_71775,67,1.514633174,0.392125224
TGS01-23,6,0.656120297,0.683822003
TGS01-24,5,0.695035461,0.649456846
TGS01-25,6,0.701739152,0.658066141
TGS01-26,5,0.728636943,0.628595267
TGS01-27,11,0.701497093,0.687693739
TGS01-28,16,0.854154046,0.600018897
TGS01-29,18,1.712875722,0.249494463
TGS01-30,15,1.7971943,0.220857621
TGS02-27_0,2,0.000420687,0.999924803
TGS02-28_0,3,0.000153081,0.9999762
TGS02-29_0,5,0.001126985,0.999799614
TGS02-30_0,3,0.000377177,0.999935002
TGS03-23,4,0.423938929,0.750604506
TGS03-24,6,0.58728416,0.632725316
TGS03-25,3,0.431370198,0.739198738
TGS03-26,5,1.149431487,0.340211504
TGS03-27,6,0.696792062,0.618480846
TGS03-28,6,0.918865876,0.454826955
TGS03-29,11,0.654200387,0.667396938
TGS03-30,4,0.458101315,0.72300897
TGS04-23,170,1.063889677,0.63225245
TGS04-26,27,0.920494923,0.571155453
TGS04-27,0,0,0
TGS04-28,45,1.813772077,0.308678411
TGS04-29,43,1.879658258,0.290744517
TGS04-30,41,1.517010079,0.40848455
TGS05-27_0,22,0.514976927,0.794634087
TGS05-28_0,25,0.673746672,0.714748744
TGS05-29_0,26,0.61915372,0.749223566
TGS05-30_0,30,0.62371266,0.735617596
TGS06-23,7,0.480730759,0.770732378
TGS06-24,7,0.347097692,0.850692995
TGS06-25,5,0.353817639,0.845023815
TGS06-26,5,0.35535107,0.841838759
TGS06-27,7,0.525994753,0.719106973
TGS06-28,7,0.51607218,0.717454032
TGS06-29,15,0.489327165,0.800643584
TGS06-30,13,0.444552484,0.795027461
TGS07-23,20,1.313201938,0.343061099
TGS07-24,11,0.758212196,0.495644225
TGS07-25,17,1.330629763,0.397180046
TGS07-26,13,0.71902757,0.496724863
TGS07-27,6,0.625015993,0.568369887
TGS07-28,2,0.623238379,0.568263869
TGS07-29,2,0.621479786,0.569938224
TGS07-30,2,0.630450273,0.561375224
TGS08-23,8,0.671282004,0.666479971
TGS08-24,8,0.672019658,0.665939329
TGS08-25,5,0.657538922,0.675039489
TGS08-26,5,0.726495682,0.639015287
TGS08-27,16,0.621049323,0.67035149
TGS08-28,13,0.551848227,0.714396667
TGS08-29,88,2.475025483,0.167121198
TGS08-30,46,1.867213516,0.224683778
TGS09-23,8,0.09837519,0.961283988
TGS09-24,9,0.106197758,0.965759994
TGS09-25,8,0.1012333,0.96069931
TGS09-26,11,0.245109139,0.905547295
TGS09-27,3,0.595161058,0.594878504
TGS09-28,2,0.500151541,0.680217145
TGS09-30,3,0.631850191,0.560180332
TGS10-23,5,1.053320331,0.387565307
TGS10-24,5,1.07709398,0.375011309
TGS10-25,5,1.072597802,0.377701673
TGS10-26,5,1.066922031,0.378861553
TGS10-27,13,1.139877488,0.364448087
TGS10-28,13,1.205097624,0.355484054
TGS10-29,12,1.099284876,0.375247945
TGS10-30,14,1.176619223,0.352027753
TGS11-23,5,0.606268461,0.663298501
TGS11-24,7,0.628052061,0.647775355
TGS11-25,6,0.693254231,0.612819265
TGS11-26,3,0.684679818,0.619248527
TGS11-27,4,0.960860452,0.416042114
TGS11-28,11,1.045240631,0.371490859
TGS11-29,6,0.945663338,0.423208824
TGS11-30,21,1.49574361,0.332092461
TGS12-23,3,0.872572328,0.450113498
TGS12-24,5,0.891197797,0.45281971
TGS12-25,3,0.847003822,0.462611807
TGS12-26,5,0.852675292,0.456586158
TGS12-27,13,0.549802657,0.787115418
TGS12-28,11,0.794106761,0.512730527
TGS12-29,60,1.638926669,0.402585738
TGS12-30,16,1.159450546,0.416472167
TGS13-23,7,0.427780345,0.768697945
TGS13-24,5,0.472929541,0.736089823
TGS13-25,5,0.480482346,0.730606152
TGS13-26,4,0.440982813,0.755920386
TGS13-27,18,0.748197636,0.517053571
TGS13-28,12,0.76126619,0.488485786
TGS13-29,34,1.596499498,0.340166337
TGS13-30,23,1.403745623,0.343311729
TGS14-23,7,0.843369898,0.477115969
TGS14-24,5,0.896062763,0.456354509
TGS14-25,5,0.822913153,0.473002435
TGS14-26,7,0.875008233,0.46033754
TGS14-27,10,0.35509349,0.8528
TGS14-28,25,1.093559742,0.496751756
TGS14-29,15,1.384551613,0.365028519
TGS14-30,46,1.704209918,0.245023134
TGS15-23,4,0.469149774,0.714076283
TGS15-24,2,0.429454684,0.739538026
TGS15-25,4,0.421983776,0.746328679
TGS15-26,3,0.412535273,0.753491076
TGS15-27,36,0.998258951,0.473369231
TGS15-28,59,2.418200418,0.121021635
TGS15-29,33,1.988408243,0.2466874
TGS15-30,140,1.479725915,0.507460301
TO013_71775,42,0.685246807,0.76122418
U-27.0,25,0.712726841,0.615303031
U-28.0,28,0.716073247,0.615693414
V-23,67,1.20608518,0.498730213
V-23.1,68,1.282357798,0.497848729
V-24,66,1.184991041,0.507056649
V-24.1,71,1.249090485,0.502748917
V-25,65,1.228509792,0.490484879
V-25.1,92,1.611897198,0.427410246
V-26,77,1.306942294,0.471744314
V-26.1,97,1.539549215,0.450346843
V-27,47,1.001183256,0.532948133
V-28,77,1.40092595,0.452411598
V-29,93,1.567715126,0.440191514
V-30,79,1.766912709,0.3776635
VB-03-AG,62,2.515498656,0.135402994
VB-03-BD,59,2.594378572,0.108373012
VB-03-M5,64,2.01892276,0.222075377
VB-03-M6,65,2.143118552,0.251972053
VB-04-AD,56,2.457725968,0.121989737
VB-04-BG,59,2.393133204,0.15882197
VB-05-AD,59,2.727658979,0.092905014
VB-05-BD,65,2.859273871,0.088716017
VB-05-BG,63,2.749301653,0.083220438
VB-06-AD,60,2.106101383,0.218827436
VB-06-BG,63,2.203528525,0.182942352
VB-06-M1,55,1.912085191,0.260849593
VB-06-M2,68,1.608740624,0.395037102
VB-08-AG,62,2.819554088,0.101533577
VB-08-BD,67,2.848870076,0.109282204
VB-08-M3,58,2.236129691,0.163601481
VB-08-M4,76,2.205801246,0.212728679
VB-09-AG,62,2.647679379,0.107168679
VB-09-BD,59,2.224193228,0.155250608
VB-09-M7,76,3.160387502,0.060742749
VB-09-M8,72,2.998595303,0.077403653
VB-12D,68,2.409039549,0.189411732
VB-14-AD,56,2.401338821,0.119548111
VB-14-BG,58,2.226108775,0.156174794
VB-14-M17,62,1.876791221,0.26049315
VB-14-M18,68,2.821612292,0.088347631
VB-14D,75,2.752214566,0.102480021
VB-15-AG,53,1.897015108,0.355123042
VB-15-BD,48,2.737713699,0.094984302
VB-15-M10,47,2.543800144,0.136062212
VB-15-M11,56,1.415052941,0.455600933
VB-15-M12,44,1.39793188,0.475686391
VB-15-M9,49,2.880193064,0.073670635
VB-16-AG,69,2.858858149,0.098181876
VB-16-BD,71,3.068176747,0.077590228
VB-16-M13,30,1.548190223,0.340163633
VB-16-M14,37,1.890540398,0.21813197
VB-16-M15,43,2.680079172,0.09419073
VB-16-M16,36,2.420805374,0.123002393
VB01-23,3,0.484438075,0.704899356
VB01-24,4,0.565799541,0.638989617
VB01-25,5,0.487939305,0.713593704
VB01-26,10,0.592304476,0.612548157
VB01-27,3,0.753783339,0.577363729
VB01-28,3,0.768274361,0.565580406
VB01-29,42,2.557692351,0.102241657
VB01-30,45,2.592342294,0.105879503
VB02-23,6,0.721043152,0.65167819
VB02-24,6,0.728269866,0.643411143
VB02-25,6,0.548500279,0.743542193
VB02-26,7,0.568118707,0.728278028
VB02-28,25,1.468874279,0.285109887
VB02-29,57,2.694230884,0.102032133
VB02-30,60,2.670387904,0.116168767
VB03-23,4,0.146593378,0.938683042
VB03-24,5,0.155820453,0.935006454
VB03-25,6,0.06922476,0.978191172
VB03-26,4,0.063541856,0.980064041
VB03-27,11,1.011626868,0.408770015
VB03-28,28,1.053312242,0.406067231
VB03-29,53,2.756152137,0.101037404
VB03-30,52,2.724695604,0.101948474
VB04-23,3,0.139462283,0.946600097
VB04-24,4,0.163640508,0.934421475
VB04-25,12,0.242571187,0.899639317
VB04-26,9,0.289560632,0.877616522
VB04-27,10,1.051121828,0.426319898
VB04-28,25,1.023795771,0.455224742
VB04-29,50,2.704880052,0.106746372
VB04-30,61,2.730817352,0.117209911
VB05-23,9,0.395509,0.77288096
VB05-24,3,0.350625793,0.804509738
VB05-25,44,1.039960687,0.536122893
VB05-26,6,0.390672023,0.772786447
VB05-27,9,0.719848713,0.6308096
VB05-28,7,0.730770299,0.594925168
VB05-29,59,2.319076412,0.201380823
VB05-30,63,2.3097258,0.198122635
VB06-23,5,0.57381733,0.622020592
VB06-24,3,0.555259701,0.634600421
VB06-25,11,0.608079625,0.610193825
VB06-26,34,0.695210943,0.546550608
VB06-27,12,0.860458799,0.457783874
VB06-28,32,1.078781945,0.406331972
VB06-29,60,1.790175692,0.30743159
VB06-30,62,1.920538633,0.279072003
VB07-23,6,0.414996261,0.75139616
VB07-24,6,0.398523697,0.764440667
VB07-25,9,0.398741011,0.778200841
VB07-26,9,0.306826839,0.838823827
VB07-29,54,2.331642478,0.168965284
VB07-30,71,2.371571929,0.165962517
VB08-23,22,0.640395969,0.569323516
VB08-24,12,0.776470542,0.487127104
VB08-25,10,0.772057737,0.503597772
VB08-26,17,0.765613621,0.505534105
VB08-27,21,0.620090864,0.653208469
VB08-28,10,0.789295956,0.54582508
VB08-29,64,3.050464515,0.081504599
VB08-30,67,3.049313077,0.079767007
VB09-23,16,1.06382895,0.459382097
VB09-24,12,1.010073006,0.487460566
VB09-25,9,0.873275729,0.577936858
VB09-26,15,0.772022851,0.631777793
VB09-27,13,1.663572774,0.232466829
VB09-29,59,2.761056631,0.093332372
VB09-30,62,2.58647229,0.139388395
VB10-23,6,0.636129513,0.576501475
VB10-24,5,0.550697112,0.647181362
VB10-25,0,0,0
VB10-26,6,0.703413857,0.500823485
VB10-27,16,1.036863189,0.373986531
VB10-28,16,1.037519784,0.375329679
VB10-29,58,2.807959888,0.084951191
VB10-30,53,2.688581461,0.094577288
VB11-23,12,0.570030623,0.679717842
VB11-24,11,0.502270744,0.733832064
VB11-25,22,0.637405982,0.637453155
VB11-26,11,0.55636862,0.694998466
VB11-27,26,1.0003831,0.406064436
VB11-28,10,0.934423084,0.437692415
VB11-29,39,2.272372423,0.136212695
VB11-30,38,2.182203328,0.151960086
VB12-23,6,0.566945198,0.656771842
VB12-24,7,0.523262536,0.691389296
VB12-25,17,0.753069066,0.495835532
VB12-27,40,1.171305184,0.35434934
VB12-28,25,0.948499639,0.454050839
VB12-F-AR,64,2.298972477,0.161255171
VB12-F-BR,63,2.622967228,0.120407115
VB13-23,3,0.483003631,0.706334531
VB13-24,3,0.468158507,0.718312597
VB13-25,19,0.727527496,0.495455368
VB13-26,13,0.682653071,0.54848623
VB13-27,8,1.021250285,0.396614408
VB13-28,13,1.069502289,0.361765123
VB13-29,44,2.247985693,0.166366209
VB13-30,43,2.246897016,0.163698427
VB14-23,2,0.425372133,0.742847907
VB14-24,4,0.245225976,0.877003484
VB14-25,16,0.596784223,0.626117118
VB14-26,8,0.645693893,0.609801144
VB14-27,20,0.618299651,0.685793404
VB14-28,10,0.636189837,0.67133518
VB14-F-AR,69,2.523072565,0.13609978
VB14-F-BR,63,2.573020999,0.109201923
VB15-23,12,0.59182878,0.6656189
VB15-24,23,0.517107567,0.716831592
VB15-25,24,0.69896005,0.609873465
VB15-26,19,0.660461439,0.619649846
VB15-27,33,1.046294103,0.393002647
VB15-28,37,1.033034461,0.396078465
VB15-29a,39,2.837925543,0.075195299
VB15-29b,50,2.837597834,0.075865923
VB15-30,48,2.784018684,0.081735227
VB16-23,0,0,0
VB16-24,6,0.405833756,0.762720974
VB16-25,10,0.622247545,0.57945165
VB16-26,7,0.583168411,0.613791407
VB16-27,14,0.89385835,0.486895724
VB16-28,36,0.925744806,0.520877348
VB16-29,50,2.076854419,0.207298986
VB16-30,56,2.104892813,0.178304084
XL_cracks,0,0,0